-- MySQL dump 10.13  Distrib 5.6.31, for debian-linux-gnu (x86_64)
--
-- Host: localhost    Database: Books
-- ------------------------------------------------------
-- Server version	5.6.31-0ubuntu0.15.10.1

/*!40101 SET @OLD_CHARACTER_SET_CLIENT=@@CHARACTER_SET_CLIENT */;
/*!40101 SET @OLD_CHARACTER_SET_RESULTS=@@CHARACTER_SET_RESULTS */;
/*!40101 SET @OLD_COLLATION_CONNECTION=@@COLLATION_CONNECTION */;
/*!40101 SET NAMES utf8 */;
/*!40103 SET @OLD_TIME_ZONE=@@TIME_ZONE */;
/*!40103 SET TIME_ZONE='+00:00' */;
/*!40014 SET @OLD_UNIQUE_CHECKS=@@UNIQUE_CHECKS, UNIQUE_CHECKS=0 */;
/*!40014 SET @OLD_FOREIGN_KEY_CHECKS=@@FOREIGN_KEY_CHECKS, FOREIGN_KEY_CHECKS=0 */;
/*!40101 SET @OLD_SQL_MODE=@@SQL_MODE, SQL_MODE='NO_AUTO_VALUE_ON_ZERO' */;
/*!40111 SET @OLD_SQL_NOTES=@@SQL_NOTES, SQL_NOTES=0 */;

--
-- Table structure for table `Authors`
--

DROP TABLE IF EXISTS `Authors`;
/*!40101 SET @saved_cs_client     = @@character_set_client */;
/*!40101 SET character_set_client = utf8 */;
CREATE TABLE `Authors` (
  `authorId` int(11) NOT NULL AUTO_INCREMENT,
  `name` varchar(255) CHARACTER SET latin1 COLLATE latin1_german1_ci NOT NULL,
  PRIMARY KEY (`authorId`)
) ENGINE=MyISAM AUTO_INCREMENT=8 DEFAULT CHARSET=utf8;
/*!40101 SET character_set_client = @saved_cs_client */;

--
-- Dumping data for table `Authors`
--

LOCK TABLES `Authors` WRITE;
/*!40000 ALTER TABLE `Authors` DISABLE KEYS */;
INSERT INTO `Authors` VALUES (1,'Chris Smith'),(2,'Steven Levithan'),(3,' Jan Goyvaerts'),(4,'Ryan Benedetti'),(5,' Al Anderson'),(6,'Clay Breshears'),(7,'Kevlin Henney');
/*!40000 ALTER TABLE `Authors` ENABLE KEYS */;
UNLOCK TABLES;

--
-- Table structure for table `Books`
--

DROP TABLE IF EXISTS `Books`;
/*!40101 SET @saved_cs_client     = @@character_set_client */;
/*!40101 SET character_set_client = utf8 */;
CREATE TABLE `Books` (
  `bookId` int(11) NOT NULL AUTO_INCREMENT,
  `title` varchar(255) NOT NULL,
  `year` year(4) DEFAULT NULL,
  PRIMARY KEY (`bookId`)
) ENGINE=InnoDB AUTO_INCREMENT=10 DEFAULT CHARSET=utf8;
/*!40101 SET character_set_client = @saved_cs_client */;

--
-- Dumping data for table `Books`
--

LOCK TABLES `Books` WRITE;
/*!40000 ALTER TABLE `Books` DISABLE KEYS */;
INSERT INTO `Books` VALUES (1,'Programming F# 3.0, 2nd Edition',2012),(2,'Regular Expressions Cookbook, 2nd Edition',2012),(3,'Head First Networking',2009),(4,'The Art of Concurrency',2009),(5,'97 Things Every Programmer Should Know',2010),(9,'ąčęėįšųū',2000);
/*!40000 ALTER TABLE `Books` ENABLE KEYS */;
UNLOCK TABLES;

--
-- Table structure for table `booksAuthors`
--

DROP TABLE IF EXISTS `booksAuthors`;
/*!40101 SET @saved_cs_client     = @@character_set_client */;
/*!40101 SET character_set_client = utf8 */;
CREATE TABLE `booksAuthors` (
  `bookId` int(11) NOT NULL,
  `authorId` int(11) NOT NULL,
  PRIMARY KEY (`bookId`,`authorId`)
) ENGINE=InnoDB DEFAULT CHARSET=latin1;
/*!40101 SET character_set_client = @saved_cs_client */;

--
-- Dumping data for table `booksAuthors`
--

LOCK TABLES `booksAuthors` WRITE;
/*!40000 ALTER TABLE `booksAuthors` DISABLE KEYS */;
INSERT INTO `booksAuthors` VALUES (1,1),(1,5),(2,2),(2,5),(3,4),(4,6),(5,7);
/*!40000 ALTER TABLE `booksAuthors` ENABLE KEYS */;
UNLOCK TABLES;

--
-- Table structure for table `booksGenres`
--

DROP TABLE IF EXISTS `booksGenres`;
/*!40101 SET @saved_cs_client     = @@character_set_client */;
/*!40101 SET character_set_client = utf8 */;
CREATE TABLE `booksGenres` (
  `bookId` int(11) NOT NULL,
  `genre` varchar(40) NOT NULL,
  PRIMARY KEY (`bookId`,`genre`),
  CONSTRAINT `booksGenres_ibfk_1` FOREIGN KEY (`bookId`) REFERENCES `Books` (`bookId`)
) ENGINE=InnoDB DEFAULT CHARSET=latin1;
/*!40101 SET character_set_client = @saved_cs_client */;

--
-- Dumping data for table `booksGenres`
--

LOCK TABLES `booksGenres` WRITE;
/*!40000 ALTER TABLE `booksGenres` DISABLE KEYS */;
INSERT INTO `booksGenres` VALUES (1,'Programming'),(2,'Programming'),(3,'Programming'),(4,'Concurrency'),(4,'Programming');
/*!40000 ALTER TABLE `booksGenres` ENABLE KEYS */;
UNLOCK TABLES;
/*!40103 SET TIME_ZONE=@OLD_TIME_ZONE */;

/*!40101 SET SQL_MODE=@OLD_SQL_MODE */;
/*!40014 SET FOREIGN_KEY_CHECKS=@OLD_FOREIGN_KEY_CHECKS */;
/*!40014 SET UNIQUE_CHECKS=@OLD_UNIQUE_CHECKS */;
/*!40101 SET CHARACTER_SET_CLIENT=@OLD_CHARACTER_SET_CLIENT */;
/*!40101 SET CHARACTER_SET_RESULTS=@OLD_CHARACTER_SET_RESULTS */;
/*!40101 SET COLLATION_CONNECTION=@OLD_COLLATION_CONNECTION */;
/*!40111 SET SQL_NOTES=@OLD_SQL_NOTES */;

-- Dump completed on 2016-12-12 19:14:47
